;sil_baseline;acc_baseline;nmi_baseline;ari_baseline;sil_nmf;acc_nmf;nmi_nmf;ari_nmf;sil_ntd;acc_ntd;nmi_ntd;ari_ntd;sil_nmf_vae;acc_nmf_vae;nmi_nmf_vae;ari_nmf_vae;sil_nmf_eig;acc_nmf_eig;nmi_nmf_eig;ari_nmf_eig;sil_ntd_vae;acc_ntd_vae;nmi_ntd_vae;ari_ntd_vae;sil_ntd_eig;acc_ntd_eig;nmi_ntd_eig;ari_ntd_eig
0;0.6471334544798911;0.22;0.17063289357417977;0.009220913971218478;0.9955090023015051;0.24666666666666667;0.19434509033505995;0.027689594356261022;0.9345873783859474;0.24666666666666667;0.19434509033505995;0.027689594356261022;0.12064756;0.6;0.7736181664467745;0.3952594837382975;0.044516756423405066;0.8866666666666667;0.8551005783910175;0.765743002330217;0.46946514;0.8533333333333334;0.9444133489534322;0.852483952818993;0.3470598711852865;0.8;0.8140098851224967;0.657452289283439
1;0.9670168419187981;0.22666666666666666;0.14561701386071105;0.0024620811287477955;0.9900052040330555;0.22666666666666666;0.14561701386071105;0.0024620811287477955;0.464607267638569;0.21333333333333335;0.15164836405319573;-0.0015332983410475418;0.121023014;0.5266666666666666;0.7561248719015087;0.35131759255890666;0.1595838512387898;0.8933333333333333;0.8672070860665222;0.7811857070255682;0.011847163;0.5266666666666666;0.7076506674597954;0.37637803835529793;0.29512587379204;0.94;0.9118392835971312;0.8683422512395071
2;0.9287296149436255;0.23333333333333334;0.14561701386071105;0.0024620811287477955;0.7980076106804893;0.22666666666666666;0.14566117853281216;0.00633658936203113;0.6028401731219469;0.25333333333333335;0.16352538743478012;0.011573043114273755;0.33317277;0.72;0.8738264028180331;0.6659668351007045;0.18750060229286034;0.84;0.8393245548640837;0.7168313498881463;0.7097841;0.98;0.9720175500230425;0.9564332089775701;0.34629151802280717;0.9466666666666667;0.9267410445248945;0.8847673552033972
3;0.8768591505747543;0.22666666666666666;0.14036720724233603;0.0003597883597883598;0.26360181223229195;0.20666666666666667;0.13870446171591172;0.002005802500089545;0.6028653738354827;0.20666666666666667;0.1299840361973147;-0.0032894009943966536;0.38220653;0.72;0.864309279695557;0.6424505990487989;0.4293475142360762;0.9733333333333334;0.961069064430832;0.9402376981697663;0.05147604;0.64;0.794583926778354;0.5451715118368882;0.3240241286564009;0.8666666666666667;0.8570172248422173;0.7496568081234303
