;sil_baseline;acc_baseline;nmi_baseline;ari_baseline;sil_nmf;acc_nmf;nmi_nmf;ari_nmf;sil_ntd;acc_ntd;nmi_ntd;ari_ntd;sil_nmf_vae;acc_nmf_vae;nmi_nmf_vae;ari_nmf_vae;sil_nmf_eig;acc_nmf_eig;nmi_nmf_eig;ari_nmf_eig;sil_ntd_vae;acc_ntd_vae;nmi_ntd_vae;ari_ntd_vae;sil_ntd_eig;acc_ntd_eig;nmi_ntd_eig;ari_ntd_eig
0;0.41034838905943616;0.519;0.7090175093490098;0.4205932945671626;0.16270434013633894;0.3275;0.6309770272483116;0.23255796900484121;-0.38370733776160304;0.089;0.08504885726430733;0.003961950471338671;0.48166627;0.8485;0.886401986384264;0.744463851876498;0.46997382819674305;0.7;0.8469865268204103;0.6270921118158191;0.500449;0.8505;0.8915355395206103;0.7575204795406705;0.35094790835945233;0.842;0.8967439867076746;0.7674896729976495
1;0.4027801904748272;0.5055;0.7048265274274557;0.4076292916090491;0.16983913069222448;0.324;0.6297208799148295;0.23096908209219688;-0.8050500001366486;0.0845;0.21272733881831649;0.03554929313590789;0.45020497;0.8165;0.8729728408994655;0.7100172388162579;0.4618408108001612;0.66;0.8339708588255188;0.5910580553219913;0.4802974;0.881;0.9004637244929449;0.7876049586237921;0.3482806193190209;0.812;0.8864347180638915;0.7339193018564418
2;0.4008061999445216;0.512;0.7078981336582977;0.41768477550923594;0.16493653405931458;0.3265;0.6287584439166093;0.2327695206353729;-0.7611456534942534;0.09;0.18833410268552073;0.03488125038207976;0.46135205;0.8255;0.8924936487225242;0.7582501959453106;0.4645832389175313;0.744;0.860415102339811;0.6649152037491052;0.50345314;0.739;0.8485526718817141;0.6393236892315018;0.34461595397564776;0.809;0.8817577035107375;0.7255305883342048
3;0.40376462672814806;0.517;0.706989525927494;0.4133558588778444;0.17358546217501042;0.3285;0.6293852174327491;0.23256156185224902;-0.3694868328214654;0.092;0.0843296091957585;0.004206451825241698;0.4692516;0.848;0.8837945809580188;0.740837319137457;0.45480426128383916;0.7395;0.8546316766272729;0.655101279288505;0.49858102;0.888;0.9062731429065012;0.8009567327009196;0.35840587923789297;0.787;0.8718811085131868;0.6999650103332844
4;0.4294642283979887;0.525;0.7125620162668782;0.427222308652666;0.2459177680346999;0.331;0.6310383967068569;0.23459748347573883;-0.6364281836534085;0.092;0.07803684360062325;0.0035677106363491144;0.450356;0.8725;0.8990340010777063;0.7790827969221485;0.45656568594172864;0.7115;0.854824660181678;0.6493855135018022;0.49537227;0.876;0.8983591576672968;0.7812987375063314;0.3464541233568239;0.8185;0.8879204752264297;0.7388868531735567
