;sil_baseline;acc_baseline;nmi_baseline;ari_baseline;sil_nmf;acc_nmf;nmi_nmf;ari_nmf;sil_ntd;acc_ntd;nmi_ntd;ari_ntd;sil_nmf_vae;acc_nmf_vae;nmi_nmf_vae;ari_nmf_vae;sil_nmf_eig;acc_nmf_eig;nmi_nmf_eig;ari_nmf_eig;sil_ntd_vae;acc_ntd_vae;nmi_ntd_vae;ari_ntd_vae;sil_ntd_eig;acc_ntd_eig;nmi_ntd_eig;ari_ntd_eig
0;0.12030383601253135;0.22666666666666666;0.16587625915188822;0.005330312256602705;0.7755092270012894;0.23333333333333334;0.17435056486531855;0.015684443284668524;-0.14227223493320096;0.22666666666666666;0.1643565363508865;0.010865061198128764;0.61478794;0.9866666666666667;0.982552417440453;0.9706180629894642;0.39453847849418094;0.8733333333333333;0.868916383214106;0.7711293601447171;0.45498475;0.8333333333333334;0.8268825575444955;0.6988831032407745;0.31662882741722614;0.9;0.8945853298970851;0.8165640738668158
