;sil_baseline;acc_baseline;nmi_baseline;ari_baseline;sil_nmf;acc_nmf;nmi_nmf;ari_nmf;sil_ntd;acc_ntd;nmi_ntd;ari_ntd;sil_nmf_vae;acc_nmf_vae;nmi_nmf_vae;ari_nmf_vae;sil_nmf_eig;acc_nmf_eig;nmi_nmf_eig;ari_nmf_eig;sil_ntd_vae;acc_ntd_vae;nmi_ntd_vae;ari_ntd_vae;sil_ntd_eig;acc_ntd_eig;nmi_ntd_eig;ari_ntd_eig
0;0.4315236496818949;0.5765;0.7630696279768713;0.4892988810298455;0.3283205069689912;0.3395;0.6804414767019198;0.25561893114767176;-0.8056265135199979;0.062;0.03442897102803889;0.0003322184464541552;0.4706048;0.841;0.8788946929114904;0.7295953637611908;0.46936476944708627;0.7455;0.852548084649071;0.6474997661442479;0.4967491;0.84;0.8806635349612285;0.7342463570596458;0.4322234426419893;0.711;0.8460002855174124;0.631098498631569
1;0.43238674146279016;0.6175;0.7709008811234926;0.5108590237955453;0.3262359971644553;0.343;0.6796507343791498;0.2589371834633134;-0.829150545382884;0.0625;0.04105633844214162;0.0004270098538451094;0.48421648;0.892;0.9072138709033953;0.8043166394744418;0.46385844294361356;0.788;0.8614615314192346;0.6744394079063882;0.49833813;0.8685;0.8917569071645066;0.766597392349738;0.43158806177010856;0.704;0.8439687501338013;0.6246907817974676
2;0.43495746117674144;0.5945;0.7695132766051183;0.501626487695559;0.3269891368995676;0.342;0.6796108863247363;0.25931917446794367;-0.812327995907747;0.0565;0.03573990655679417;0.0003787565831386421;0.47522336;0.8915;0.9059892984907381;0.8036476092151807;0.4642475381550127;0.7695;0.8505204685758349;0.6479384137181924;0.5002973;0.9075;0.9158582527454606;0.8291975455367223;0.43011599679624907;0.709;0.8450227859013207;0.6282904211885991
3;0.40866557396280095;0.6215;0.7716907610859401;0.5193836828711439;0.311793225636518;0.3425;0.6790863770815411;0.2572563392885822;-0.8343102263679727;0.06;0.03375998543098752;8.530797352540756e-05;0.46683925;0.8285;0.874941852732359;0.7173760654704894;0.4717928672125632;0.7245;0.8424165448065047;0.6187060461237116;0.49273774;0.8425;0.90007514438986;0.7757016501565224;0.432953751079609;0.7045;0.8444315014888923;0.6258465384946766
4;0.42750080190805534;0.622;0.7726015613056414;0.5160670083372447;0.32973046008850576;0.357;0.6792564945689569;0.2655553539159341;-0.8322512571068225;0.0535;0.03135781743377115;-0.00040115837903219884;0.4666292;0.908;0.9178640293457903;0.8313586156672053;0.46905691239658087;0.737;0.8472320732161076;0.6334898376162764;0.50134736;0.8695;0.8943871718298295;0.7719590185493829;0.4337491852081943;0.708;0.845141369073765;0.628202862391445
